<?xml version='1.0' encoding='utf-8' ?>

<connector-plugin class='deliverbi_jdbc' superclass='jdbc' plugin-version='0.0.0' name='Trino JDBC' version='368' min-version-tableau='2020.1'>
  <vendor-information>
      <company name="Entain"/>
      <support-link url="https://trino.io/download.html"/>
      <driver-download-link url="https://repo1.maven.org/maven2/io/trino/trino-jdbc/368/trino-jdbc-368.jar"/>
  </vendor-information>
  <connection-customization class="deliverbi_jdbc" enabled="true" version="10.0">
    <vendor name="deliverbi"/>
    <driver name="trino-jdbc-368"/>
    <customizations>
      <customization name="CAP_SELECT_INTO" value="yes"/>
      <customization name="CAP_SELECT_TOP_INTO" value="yes"/>
      <customization name="CAP_CREATE_TEMP_TABLES" value="no"/>
      <customization name="CAP_QUERY_BOOLEXPR_TO_INTEXPR" value="no"/>
      <customization name="CAP_QUERY_GROUP_BY_BOOL" value="yes"/>
      <customization name="CAP_QUERY_GROUP_BY_DEGREE" value="yes"/>
      <customization name="CAP_QUERY_SORT_BY" value="yes"/>
      <customization name="CAP_QUERY_SUBQUERIES" value="yes"/>
      <customization name="CAP_QUERY_TOP_N" value="yes"/>
      <customization name="CAP_QUERY_TOP_SAMPLE" value="yes"/>
      <customization name="CAP_QUERY_TOP_SAMPLE_PERCENT" value="yes"/>
      <customization name="CAP_QUERY_WHERE_FALSE_METADATA" value="yes"/>
      <customization name="CAP_QUERY_SUBQUERIES_WITH_TOP" value="yes"/>
      <customization name="CAP_SUPPORTS_SPLIT_FROM_LEFT" value="yes"/>
      <customization name="CAP_SUPPORTS_SPLIT_FROM_RIGHT" value="yes"/>
      <customization name="CAP_SUPPORTS_UNION" value="yes"/>
      <customization name="CAP_QUERY_ALLOW_PARTIAL_AGGREGATION" value="no"/>
      <customization name="CAP_QUERY_TIME_REQUIRES_CAST" value="yes"/>
    </customizations>
  </connection-customization>
  <connection-dialog file='connection-dialog.tcd'/>
  <connection-resolver file="connectionResolver.tdr"/>
  <dialect file='dialect.tdd'/>
</connector-plugin>
